model,policy_stem,segment_id,fold_id,gold_labels,predicted_labels,error_type,near_threshold,text,failure_type,notes,taxonomy_version
naive_bayes,988_solarviews.com,0,4,Third-Party Sharing,Data Collection|Third-Party Sharing,false_positive,True,"Privacy Statement We allow third-party companies to serve ads and/or collect certain anonymous information when you visit our web site. These companies may use non-personally identifiable information (e.g., click stream information, browser type, time and date, subject of advertisements clicked or scrolled over) during your visits to this and other Web sites in order to provide advertisements about goods and services likely to be of greater interest to you. These companies typically use a cookie or third party web beacon to collect this information. To learn more about this behavioral advertising practice or to opt-out of this type of advertising, you can visit networkadvertising.org.",near_threshold,The decision is close to the 0.50 cutoff; missing=none; extra=Data Collection.,1.0
naive_bayes,928_stlouisfed.org,17,3,Data Collection|Data Security|Third-Party Sharing,,false_negative,True,"The Federal Reserve Bank of St. Louis monitors this site for unauthorized attempts to upload or change information, to defeat or circumvent security measures, or to utilize this site for other than its intended purposes. By using this site you expressly consent to such monitoring and you are advised that if such monitoring reveals possible evidence of criminal activity, we will provide the evidence of such monitoring to law enforcement officials;",near_threshold,"The decision is close to the 0.50 cutoff; missing=Data Collection, Data Security, Third-Party Sharing; extra=none.",1.0
naive_bayes,1582_msn.com,27,4,Other/Unclear,Data Collection,both,True,"Payment Data Payment Data is the information that you provide when you make online purchases. This may include your payment instrument number (e.g., credit card, PayPal), your name and billing address, and the security code associated with your payment instrument (e.g., the CSV or CVV). This section provides additional information regarding the collection and use of your payment information.",cross_category_confusion,Predicted Data Collection in place of Other/Unclear; shared labels=none.,1.0
naive_bayes,32_voxmedia.com,19,4,Data Collection|Other/Unclear|Third-Party Sharing,Third-Party Sharing,false_negative,True,"Targeted Advertising. In order to serve offers and advertisements that may be interest to our users, we may display targeted advertisements on the Services based on Personal Information provided by our users, including zip code and profile. We do not provide this Personal Information to our advertisers when you interact with such an advertisement. However, please note that the advertisers (including ad serving companies) may determine based on their own analysis that a user who interacts with an advertisement targeted by us may fit into a certain demographic category; for example, an advertiser may determine that men ages 25-34 are interacting with a certain advertisement on the Services from a particular geographic area.",near_threshold,"The decision is close to the 0.50 cutoff; missing=Data Collection, Other/Unclear; extra=none.",1.0
naive_bayes,1300_bankofamerica.com,26,2,User Control & Deletion,Data Collection,both,True,"You can refuse to accept these cookies and most devices and browsers offer their own privacy settings for cookies. You will need to manage your cookie settings for each device and browser you use. However, if you do not accept these cookies, you may experience some inconvenience in your use of the Site and some online products and services. For example, we will not be able to recognize your device and you will need to answer a challenge question each time you log on. You also may not receive tailored advertising or other offers from us that may be relevant to your interests and needs.",cross_category_confusion,Predicted Data Collection in place of User Control & Deletion; shared labels=none.,1.0
naive_bayes,33_nbcuniversal.com,30,1,Data Collection,Other/Unclear,both,True,implement social networking features you have activated; and,cross_category_confusion,Predicted Other/Unclear in place of Data Collection; shared labels=none.,1.0
naive_bayes,1034_aol.com,25,1,Data Collection|Third-Party Sharing,Data Collection,false_negative,True,"If you choose to connect with a social networking service, such as Facebook, we may share information with that service, and that service may share information about you with us. We may use the information for the reasons explained in this Privacy Policy, but the main reason we use it is to make your experience on our Services more personal and social. For example, we might show you what content is popular among your connections on the social networking service or give you a glimpse of what your friends are saying about that content.",near_threshold,The decision is close to the 0.50 cutoff; missing=Third-Party Sharing; extra=none.,1.0
naive_bayes,1224_austincc.edu,1,2,Data Collection|Data Security|Other/Unclear|Third-Party Sharing,Other/Unclear,false_negative,False,"Austin Community College (ACC) is committed to ensuring the privacy of personal information. We do not actively share personal information gathered from our Web servers. However, because ACC is a public institution, some information collected from the ACC web site, including summary server log information, emails, and information collected from Web-based forms, may be subject to. This means that while we do not share or sell information unless solicited, in some cases we may be compelled by Open Records law to release information.",negation_or_permission_flip,"Permission or denial wording changes the interpretation of Third-Party Sharing; missing=Data Collection, Data Security, Third-Party Sharing; extra=none.",1.0
naive_bayes,1610_post-gazette.com,19,1,Data Collection|Other/Unclear,Data Collection,false_negative,False,"5. Cookies This Site uses cookies. ""Cookies"" are small files that a site or its service provider transfers to your computer's hard drive through your Web browser (if you allow) that enables the site's or service provider's systems to recognize your browser and capture and remember certain information. For instance, we use cookies to help us confirm your registration and process the items in your shopping cart. They are also used to help us understand your preferences based on previous or current site activity and compile aggregate data about site traffic and site interaction so that we can offer better site experiences and tools in the future.",multi_label_under_prediction,Kept Data Collection but missed secondary label(s) Other/Unclear.,1.0
naive_bayes,586_cariboucoffee.com,17,1,Data Collection|Other/Unclear,Data Collection,false_negative,False,"We use cookies to enhance the browsing and shopping experience on the Site. ""Cookies"" are small files or records that we place on your computer's hard drive to collect information about your activities on the Site. The information captured makes it possible for us to speed navigation, keep track of items in your shopping cart and provide you with custom tailored content.",multi_label_under_prediction,Kept Data Collection but missed secondary label(s) Other/Unclear.,1.0
naive_bayes,1099_enthusiastnetwork.com,3,4,Data Collection|Other/Unclear,Data Collection,false_negative,False,"Information Collected Automatically. Our websites automatically collect certain information, such as your IP address, browser type, domain name, access times and referring website address. This helps facilitate your online experience at our websites. See Sections IV and V of this Privacy Policy for more detail on cookies, web beacons, and other information collected automatically by our websites.",multi_label_under_prediction,Kept Data Collection but missed secondary label(s) Other/Unclear.,1.0
naive_bayes,919_uh.edu,3,1,Data Collection|Third-Party Sharing,Data Collection,false_negative,False,"If you send us an electronic mail message with a question or comment that contains personally identifying information, or fill out a form that sends us this information, we will only use the personally-identifiable information to respond to your request and analyze trends. We may redirect your message to another government agency or person who is in a better position to answer your question.",multi_label_under_prediction,Kept Data Collection but missed secondary label(s) Third-Party Sharing.,1.0
naive_bayes,1300_bankofamerica.com,6,2,Data Collection|Other/Unclear,Data Collection,false_negative,False,"Collecting and Using Information Personal Information We Collect Online Personal Information means personally identifiable information such as information you provide via forms, surveys, applications or other online fields including name, postal or email addresses, telephone, fax or mobile numbers, or account numbers.",multi_label_under_prediction,Kept Data Collection but missed secondary label(s) Other/Unclear.,1.0
naive_bayes,1300_bankofamerica.com,27,2,Data Collection|Other/Unclear,Data Collection,false_negative,False,"Other technologies including pixel tags, web beacons, and clear GIFs: These may be used in connection with some Site pages, downloadable mobile applications and HTML-formatted email messages to measure the effectiveness of our communications, the success of our marketing campaigns, to compile statistics about usage and response rates, to personalize/tailor your experience while engaging with us online and offline, for fraud detection and prevention, for security purposes, for advertising, and to assist us in resolving account holders questions regarding use of our Site. Please see our Advertising section below for more information regarding our use of other technologies.",multi_label_under_prediction,Kept Data Collection but missed secondary label(s) Other/Unclear.,1.0
naive_bayes,1300_bankofamerica.com,9,2,Data Collection,,false_negative,False,"to inform you about important information regarding the Site, products or services for which you apply or may be interested in applying for, or in which you are already enrolled, changes to terms, conditions, and policies and/or other administrative information;",content_ambiguity,Hedged or broad wording supports more than one reading; missing=Data Collection; extra=none.,1.0
naive_bayes,1264_citizen.org,4,1,Data Retention|Other/Unclear|Third-Party Sharing|User Control & Deletion,,false_negative,True,"Signing Up for Email Lists or E-Newsletters We do not disclose the information you enter on a sign-up page to any outside entity - except as follows: We may give consultants and organizations working with us on specific projects temporary access to such information; they will not retain the information or contact the people whose information they have access to. To stop receiving emails, complete the form at http://action.citizen.org/unsubscribe.jsp.",negation_or_permission_flip,"Permission or denial wording changes the interpretation of Third-Party Sharing; missing=Data Retention, Other/Unclear, Third-Party Sharing, User Control & Deletion; extra=none.",1.0
naive_bayes,940_internetbrands.com,74,0,Data Retention|Data Security|Other/Unclear|Third-Party Sharing,,false_negative,True,"We use third-party service providers to manage credit card and payment processing. These service providers are not permitted to store, retain, or use billing Information except for the sole purpose of credit card and payment processing on our behalf. When you enter payment information we encrypt the transmission of that information using SSL technology and do not store it on our systems.",near_threshold,"The decision is close to the 0.50 cutoff; missing=Data Retention, Data Security, Other/Unclear, Third-Party Sharing; extra=none.",1.0
naive_bayes,135_instagram.com,33,0,Data Retention|Other/Unclear,,false_negative,True,"How long we keep your User Content: Following termination or deactivation of your account, Instagram, its Affiliates, or its Service Providers may retain information (including your profile information) and User Content for a commercially reasonable time for backup, archival, and/or audit purposes. Learn more about deleting your account.",near_threshold,"The decision is close to the 0.50 cutoff; missing=Data Retention, Other/Unclear; extra=none.",1.0
naive_bayes,531_archives.gov,3,2,Data Collection|Data Retention|Data Security|Other/Unclear|Third-Party Sharing,,false_negative,True,"The orders you place for reproductions or publications on this site are processed by the National Archives Trust Fund (NATF), a division within the National Archives and Records Administration (NARA). The personal information you provide when you place an order with us may be used only to fulfill your order or to facilitate the preparation of internal statistical reports. The National Archives makes every effort to limit the number of people who have access to this personal information. The National Archives employees and authorized NATF contractors who handle credit card information must ensure that it is treated as cash and secured accordingly. Any National Archives official, employee, or contractor who willfully discloses such protected information may be subject to the sanctions included in the Privacy Act (5 U.S.C. 552a). The National Archives Trust Fund will retain your order information only as long as required by law and National Archives policy. If you have questions about the use of your information by the National Archives Trust Fund, please write to National Archives Trust Fund (NAT), 8601 Adelphi Road, College Park, MD 20740.",near_threshold,"The decision is close to the 0.50 cutoff; missing=Data Collection, Data Retention, Data Security, Other/Unclear, Third-Party Sharing; extra=none.",1.0
naive_bayes,928_stlouisfed.org,5,3,Data Collection|Data Retention,Data Collection,false_negative,True,"We may also file your comments to improve the site, or review and discard the information.",near_threshold,The decision is close to the 0.50 cutoff; missing=Data Retention; extra=none.,1.0
naive_bayes,1468_rockstargames.com,51,0,Data Retention|User Control & Deletion,,false_negative,True,"Data Retention: We will retain your personal information for as long as your account is active or as needed to provide you services. If you wish to cancel your account or request that we no longer use your personal information to provide you services contact us as described above under ""How You Can Control the Collection, Use, and/or Display of Data or Review Your Data."" If your account is inactive for a period time it may be deleted. If information is changed or deleted, we may still retain some of your information in our files to resolve disputes, enforce our user agreement, administer our services, comply with technical and legal requirements, and/or other constraints related to the security, integrity, and operation of our Online Services.",negation_or_permission_flip,"Permission or denial wording changes the interpretation of User Control & Deletion; missing=Data Retention, User Control & Deletion; extra=none.",1.0
naive_bayes,635_playstation.com,24,4,Data Collection|Data Retention|Other/Unclear,Other/Unclear,false_negative,True,"SCEA's consumer services department maintains information obtained from consumers who contact or submit an online complaint so that we may assist these customers with current or future service issues. SCEA's consumer services department may collect additional information such as credit card, personal check information, if a consumer contacts consumer services to request repair of, exchange of, or service on, a PlayStation system. Consumer Services uses this information only for payment and payment verification purposes. SCEA's consumer services department may direct consumers to the consumer services departments of other companies with whom SCEA has arranged to provide consumer service, so that the consumer receives appropriate assistance.",near_threshold,"The decision is close to the 0.50 cutoff; missing=Data Collection, Data Retention; extra=none.",1.0
naive_bayes,891_everydayhealth.com,37,0,Data Retention|Other/Unclear|Third-Party Sharing|User Control & Deletion,Other/Unclear,false_negative,False,"Keep in mind, however, that even if you delete information from your profile, we may retain your Personal Information in conformance with our data retention policy and Personal Information may remain within our databases, access logs, and other records. In addition, we are not responsible for updating or removing your Personal Information contained in the lists or databases of third parties who have been provided information as permitted by this Policy.",multi_label_under_prediction,"Kept Other/Unclear but missed secondary label(s) Data Retention, Third-Party Sharing, User Control & Deletion.",1.0
naive_bayes,591_google.com,27,1,Data Retention|Data Security|Other/Unclear|User Control & Deletion,,false_negative,False,"Accessing and updating your personal information Whenever you use our services, we aim to provide you with access to your personal information. If that information is wrong, we strive to give you ways to update it quickly or to delete it - unless we have to keep that information for legitimate business or legal purposes. When updating your personal information, we may ask you to verify your identity before we can act on your request.",content_ambiguity,"Hedged or broad wording supports more than one reading; missing=Data Retention, Data Security, Other/Unclear, User Control & Deletion; extra=none.",1.0
naive_bayes,503_buffalowildwings.com,2,1,Data Collection|Data Retention|User Control & Deletion,Data Collection,false_negative,False,"What We Collect We collect the information you affirmatively choose to provide us, such as when you provide your name, contact information, the pages you access and similar information for such purposes as purchasing products, creating an account, joining our loyalty programs, filling out a survey, entering contests, participating in promotions or electronic activities, posting comments on bulletin boards or otherwise interacting with our Sites. By accessing the Sites, you consent to receive materials and understand and acknowledge that you may receive emails and other communications from BWW. When you purchase a product from our Sites, we ask you to provide information to fulfill your order, including your name, email address, phone, shipping address, billing address and method of payment to facilitate your purchase. If you create an account through one of our Sites, this personal information will be stored by us. If you purchase products as a Site Guest, we will not store the personally identifiable information you provide.",multi_label_under_prediction,"Kept Data Collection but missed secondary label(s) Data Retention, User Control & Deletion.",1.0
naive_bayes,962_lynda.com,41,3,Data Collection|Data Retention|Other/Unclear|User Control & Deletion,,false_negative,False,"We will retain your or your childs information for as long as your account is active or as needed to provide you Services. If you wish to cancel your or your childs account or request that we no longer use your information to provide you Services contact us at support@lynda.com. We will retain and use your information as necessary to comply with our legal obligations, resolve disputes, and enforce our agreements. We will respond to your request to access within 30 days.",content_ambiguity,"Hedged or broad wording supports more than one reading; missing=Data Collection, Data Retention, Other/Unclear, User Control & Deletion; extra=none.",1.0
naive_bayes,1264_citizen.org,1,1,Data Collection|Data Retention|Third-Party Sharing,Data Collection,false_negative,False,"If you provide your name, postal address, email address, phone number, or other information via a form on the website, we may store that information and contact you about our work. Except as outlined below, we do not sell, rent, trade, or otherwise disclose to any business, organization, individual, or other outside entity information provided by people who visit or interact with the website.",negation_or_permission_flip,"Permission or denial wording changes the interpretation of Third-Party Sharing; missing=Data Retention, Third-Party Sharing; extra=none.",1.0
naive_bayes,135_instagram.com,27,0,Data Retention|Other/Unclear,Other/Unclear,false_negative,False,"Your information collected through the Service may be stored and processed in the United States or any other country in which Instagram, its Affiliates or Service Providers maintain facilities.",multi_label_under_prediction,Kept Other/Unclear but missed secondary label(s) Data Retention.,1.0
naive_bayes,1636_sidearmsports.com,19,4,Data Collection|Data Retention,Data Collection,false_negative,False,"Location Information. Some of our mobile applications can deliver content based on your current location if you choose to enable that feature of the app. If you enable the location-based feature, your current location will be stored locally on your device, which will then be used by the app. If you elect to have a location-based search saved to your history, we will store that information on our servers. If you do not enable the location-based service, or if an app does not have that feature, the app will not transmit to us, and we will not collect or store, location information.",multi_label_under_prediction,Kept Data Collection but missed secondary label(s) Data Retention.,1.0
naive_bayes,940_internetbrands.com,93,0,Data Retention|Other/Unclear|User Control & Deletion,Other/Unclear,false_negative,False,"Please note that you are not entitled to review the content of another user's account. Accordingly, if you have used our sites and services to share personal information with another user or other party, you will not be able to access,update or delete that shared information pursuant to this privacy policy. Please also note that other users may submit personal information that identifies you. You will also not be able to access, update or delete that information pursuant to this privacy policy. In either case, certain users . such as healthcare providers . may be required underHIPAA and other applicable laws or regulations to retain such information for extended periods of time.",multi_label_under_prediction,"Kept Other/Unclear but missed secondary label(s) Data Retention, User Control & Deletion.",1.0
naive_bayes,807_lodgemfg.com,30,0,Data Security|Other/Unclear,,false_negative,True,We will notify the users via email Within 7 business days,near_threshold,"The decision is close to the 0.50 cutoff; missing=Data Security, Other/Unclear; extra=none.",1.0
naive_bayes,207_reference.com,25,4,Data Security|Other/Unclear,Other/Unclear,false_negative,True,"Generally speaking, one-way hashing is a way to anonymize or hide data by transforming pieces of information into fixed strings of alphanumeric characters.",near_threshold,The decision is close to the 0.50 cutoff; missing=Data Security; extra=none.,1.0
naive_bayes,928_stlouisfed.org,18,3,Data Security|Third-Party Sharing,,false_negative,True,"We retain the services of outside contractors to provide services, including mailing list administration and our Job Opportunities pages. We require that these contractors keep information obtained through our web site secure and confidential. We also require that these contractors use personal information obtained through our web site only on behalf of the Federal Reserve.",near_threshold,"The decision is close to the 0.50 cutoff; missing=Data Security, Third-Party Sharing; extra=none.",1.0
naive_bayes,1708_foxsports.com,37,3,Data Security|Other/Unclear,Other/Unclear,false_negative,True,"8. Sensitive Information We ask that you not send us, and you not disclose, any sensitive personal information (e.g., social security numbers, information related to racial or ethnic origin, political opinions, religion or other beliefs, health, criminal background or trade union membership) on or through the FSD Services or otherwise.",near_threshold,The decision is close to the 0.50 cutoff; missing=Data Security; extra=none.,1.0
naive_bayes,70_meredith.com,52,4,Data Security|Other/Unclear|Third-Party Sharing,Data Collection|Third-Party Sharing,both,True,Email. We share our users' email addresses with service providers that send email messages and deliver targeted advertising in our emails on our behalf. These service providers may collect data about how you interact with those messages (including information about whether and when you opened a particular message or clicked on a link within a message and the device you used to do so) and analyze it in conjunction with similar information they collect when you respond to emails they send on behalf of their other clients who are not affiliated with us. They use this email response information in combination with your email address to target and optimize the delivery of emails and email advertising they send on our behalf and for their other clients. We may also provide our service providers with lists of our user email addresses that they use in a hash-encrypted form to recognize our users when they subscribe to third-party email services and send them interest-based advertising on those services. We do not authorize our email service providers to share your email address with their other clients.,cross_category_confusion,"Predicted Data Collection in place of Data Security, Other/Unclear; shared labels=Third-Party Sharing.",1.0
naive_bayes,1261_zacks.com,3,0,Data Collection|Data Security|Other/Unclear|Third-Party Sharing|User Control & Deletion,,false_negative,True,"Zacks Investment Research Opt-In Marketing List During the Zacks.com registration process, we include the contact information you provide us on the Zacks Investment Research opt-in marketing list. We ""rent"" our opt-in marketing list to outside marketers who have special offers that may be of interest to you. Please note that we ""rent"" our marketing list, but we do not sell your information to third parties. Zacks Investment Research controls the process through an agreement with an e-mail service provider, which handles the distribution of e-mails from Zacks Investment Research and its business partners. We keep tight control over our marketing list at all times. We only give outside marketers the right to send you an e-mail through our e-mail service provider. Additionally, Zacks Investment Research is selective about which companies we permit to send you an offer. Zacks will use names for Market Research Our goal is for the e-mails to be of value to you. As always, you can unsubscribe from these e-mails at any time by going to http://register.zacks.com/unisub.php.",negation_or_permission_flip,"Permission or denial wording changes the interpretation of Third-Party Sharing; missing=Data Collection, Data Security, Other/Unclear, Third-Party Sharing, User Control & Deletion; extra=none.",1.0
naive_bayes,940_internetbrands.com,76,0,Data Security|Other/Unclear,,false_negative,True,"Steps You Can Take Install malware detection programs that regularly scan your system and incoming traffic for malicious code such as computer viruses, worms, Trojan Horses and spyware. Because viruses and malware are continuously created and modified, regular malware protection software typically requires frequent updates.",near_threshold,"The decision is close to the 0.50 cutoff; missing=Data Security, Other/Unclear; extra=none.",1.0
naive_bayes,1468_rockstargames.com,6,0,Data Security|Other/Unclear,Other/Unclear,false_negative,False,"WHAT THIS PRIVACY POLICY APPLIES TO This Privacy Policy applies to the Company's Online Services, including the TRUSTe certified Company websites, mobile applications, and other services that link to it or display it. In addition, the Company may also own several other domain names that relate to its labels, feature its products, or point to its websites, and we may from time to time add new sites and services. To view a complete list of these TRUSTe certified Company sites, please click on the TRUSTe seal on this page.",multi_label_under_prediction,Kept Other/Unclear but missed secondary label(s) Data Security.,1.0
naive_bayes,517_kaleidahealth.org,23,2,Data Security|Third-Party Sharing,Third-Party Sharing,false_negative,False,"Business Associates. Kaleida Health may disclose your health information to contractors, agents and other business associates who need the information in order to assist us with obtaining payment or carrying out our business operations. For example, Kaleida Health may share your health information with a billing company that helps us to obtain payment from your insurance company. Another example is that we may share your health information with an accounting firm or law firm that provides professional advice to us about how to improve our health care services and comply with the law. If Kaleida Health does disclose your health information to a business associate, we will have a written contract to ensure that our business associate also protects the privacy of your health information.",multi_label_under_prediction,Kept Third-Party Sharing but missed secondary label(s) Data Security.,1.0
naive_bayes,940_internetbrands.com,75,0,Data Security|Other/Unclear,Other/Unclear,false_negative,False,"It is important to remember, however, that no system can guarantee 100 security at all times. Accordingly, we cannot guarantee the security of information stored on or transmitted to or from our services. We cannot assume responsibility or liability for unauthorized access to our servers and systems. When disclosing any personal or protected health information, you should remain mindful of the fact that it is potentially accessible to the public and,consequently, can be collected and used by others without your consent. Accordingly, you should consider carefully if you want to submit sensitive information that you would not want disclosed to the public and should recognize that your use of the Internet and our sites and services is solely at your risk. You are ultimately responsible for maintaining the secrecy for all your personal information, including your protected health information. Except as provided in aBusiness Associate Agreement between us and a healthcare provider, we have no responsibility or liability to anyone for the security of your personal or protected health information transmitted via the Internet.",multi_label_under_prediction,Kept Other/Unclear but missed secondary label(s) Data Security.,1.0
naive_bayes,531_archives.gov,34,2,Data Security|Other/Unclear,Other/Unclear,false_negative,False,"Please note that because we cannot guarantee the status of specific items, you use materials found in our holdings at your own risk.",multi_label_under_prediction,Kept Other/Unclear but missed secondary label(s) Data Security.,1.0
naive_bayes,1708_foxsports.com,18,3,Data Security|Other/Unclear|User Control & Deletion,Other/Unclear,false_negative,False,"In addition, FSD is not responsible for the privacy or data security practices of other organizations, such as Facebook, Tumblr, Twitter, Apple, Google, Microsoft or any other app developer, app provider, social media platform provider, operating system provider, wireless service provider, or device manufacturer, including in connection with any information you disclose to other organizations through or in connection with the FSD Services.",multi_label_under_prediction,"Kept Other/Unclear but missed secondary label(s) Data Security, User Control & Deletion.",1.0
naive_bayes,1713_latinpost.com,76,1,Data Security,,false_negative,False,"8. Protection of Information. While no data transmission over the Internet is 100% secure from intrusion, we maintain commercially reasonable physical, electronic and procedural safeguards to protect your Information. However, regardless of our efforts and the Device you use to access the Site, it is possible that third parties may unlawfully intercept or access transmissions or private communications over an unsecured transmission. We conduct financial transactions via secured transmissions but may not always secure other parts of the Site. We also limit access to the Site by our own employees to those individuals who are authorized for the proper handling of such information and any employee found violating our standards of security and confidentiality will be subject to our disciplinary processes. We request that our operational service providers follow similar standards of security and confidentiality.",content_ambiguity,Hedged or broad wording supports more than one reading; missing=Data Security; extra=none.,1.0
naive_bayes,1164_acbj.com,23,1,Data Security,,false_negative,False,"B. Moreover, if you elect to store information, such as your personally identifiable information or other Registration Information, where others may access it, we are not responsible for any loss of such information or the consequences thereof. If you lose a computer, mobile or other device, or it is stolen, that contains your personally identifiable information or other Registration Information, it is up to you to take all the steps necessary to protect yourself.",content_ambiguity,Hedged or broad wording supports more than one reading; missing=Data Security; extra=none.,1.0
naive_bayes,744_minecraft.gamepedia.com,22,0,Data Security,,false_negative,False,"What security measures do we take to safeguard your personal information? The personal information that you provide to us is stored on servers, which are located in secured facilities with restricted access, and protected by protocols and procedures designed to ensure the security of such information. In addition, we restrict access to personal information to Curse employees, independent contractors and agents who need to know this information in order to develop, operate and maintain the Curse Features. All Curse personnel who have access to this information are trained in the maintenance and security of such information. However, no server, computer or communications network or system, or data transmission over the Internet can be guaranteed to be 100% secure. As a result, while we strive to protect user information, we cannot ensure or warrant the security of any information you transmit to us or through the use of any of the Curse Features and you acknowledge and agree that you provide such information and engage in such transmissions at your own risk. Once we receive a transmission from you, we will endeavor to maintain its security on our systems.",other,No narrower taxonomy rule applies; missing=Data Security; extra=none.,1.0
naive_bayes,1300_bankofamerica.com,64,2,Other/Unclear|Third-Party Sharing|User Control & Deletion,,false_negative,True,"If you prefer that we do not use this information, you may opt out of online behavioral advertising. If you opt out, though, you may still receive generic advertising. In addition, financial advisors/Client Managers may continue to use information collected online to provide product and service information in accordance with account agreements.",negation_or_permission_flip,"Permission or denial wording changes the interpretation of User Control & Deletion; missing=Other/Unclear, Third-Party Sharing, User Control & Deletion; extra=none.",1.0
naive_bayes,807_lodgemfg.com,23,0,User Control & Deletion,Other/Unclear,both,True,Users are able to change their personal information: By emailing us By calling us By logging in to their account,cross_category_confusion,Predicted Other/Unclear in place of User Control & Deletion; shared labels=none.,1.0
naive_bayes,33_nbcuniversal.com,55,1,Other/Unclear|User Control & Deletion,Other/Unclear,false_negative,True,"10. COOKIES AND OTHER TECHNOLOGIES For more information about the use of Cookies and Other Technology on our online services (including your opt-out choices) please see the Cookies and Tracking Technologies policy. Through our Cookies and Tracking Technologies policy, we provide opt-out choices. The effect of an opt-out will be to stop targeted advertising, but it will still allow the collection of usage data for certain purposes (e.g., research, analytics and internal online services operation purposes).",negation_or_permission_flip,Permission or denial wording changes the interpretation of User Control & Deletion; missing=User Control & Deletion; extra=none.,1.0
naive_bayes,1050_honda.com,4,4,Data Collection|Other/Unclear|User Control & Deletion,Data Collection|Other/Unclear,false_negative,True,"You can visit our Web Sites without telling us who you are and without revealing any personally identifiable information to learn about American Honda, American Honda Finance Corporation (""AHFC""), our product and service information, special offers and promotions, and investor information. You can also access financial planning tools.",near_threshold,The decision is close to the 0.50 cutoff; missing=User Control & Deletion; extra=none.,1.0
naive_bayes,1261_zacks.com,9,0,Other/Unclear|User Control & Deletion,,false_negative,True,"Do Not Email Lists: If you opt out from a Zacks.com Opt-In Marketing List, Zacks Investment Research Internal List, or unsubscribe from a Zacks offer sent by another list vendor, you will be added to our Do Not Email list, and we will suppress your email address from future mailings to the Zacks Investment Research Internal List and Opt-In Marketing List, as well as any other Zacks mailings done through a third party. This process usually completes within 72 hours but can take up to 10 days in rare situations. However, if you later register for a Zacks product again, your name will be removed from the Do Not Email list.",negation_or_permission_flip,"Permission or denial wording changes the interpretation of User Control & Deletion; missing=Other/Unclear, User Control & Deletion; extra=none.",1.0
naive_bayes,807_lodgemfg.com,13,0,Third-Party Sharing,Other/Unclear|Third-Party Sharing,false_positive,True,"Third Party Disclosure We do not sell, trade, or otherwise transfer to outside parties your personally identifiable information.",near_threshold,The decision is close to the 0.50 cutoff; missing=none; extra=Other/Unclear.,1.0
naive_bayes,325_ocregister.com,8,4,Third-Party Sharing,Other/Unclear|Third-Party Sharing,false_positive,True,"How Do We Use The Information We Collect? We will not sell, share, or rent personal information to third parties, and we will not otherwise disclose personal information to third parties, without your permission, except as disclosed in this Privacy Policy.",near_threshold,The decision is close to the 0.50 cutoff; missing=none; extra=Other/Unclear.,1.0
naive_bayes,135_instagram.com,3,0,Other/Unclear|Policy Change,Other/Unclear,false_negative,False,"Our new Privacy Policy is effective on January 19, 2013. To learn about how we treat information collected prior to January 19, 2013, please click here.",multi_label_under_prediction,Kept Other/Unclear but missed secondary label(s) Policy Change.,1.0
naive_bayes,1164_acbj.com,15,1,Data Collection|Other/Unclear,Data Collection,false_negative,False,"I. We reserve the right to identify you from your Registration Information and/or to merge or co-mingle anonymous or non-personally identifiable data about you, your offline and online behavior, and/or your computer, mobile or other device (including its geographic location), with your Registration Information and/or other personally identifiable data for any lawful business purpose.",multi_label_under_prediction,Kept Data Collection but missed secondary label(s) Other/Unclear.,1.0
naive_bayes,1468_rockstargames.com,42,0,Other/Unclear|Third-Party Sharing,Data Collection|Other/Unclear,both,False,"Some of our Online Services offer SNS features and Widgets, such as the Facebook ""Like"" button, Google + button, or the Share This button. These third-party SNS features may set a cookie to enable the Feature to function properly and may collect information about you when you use them, such as your IP address and which page you are visiting on our site. SNS features and Widgets are either hosted by a third party or hosted directly by our Online Services. Your interactions with these Features are governed by the privacy policy of the company providing the Feature. Please review each company's governing policies before using their services.",cross_category_confusion,Predicted Data Collection in place of Third-Party Sharing; shared labels=Other/Unclear.,1.0
naive_bayes,523_usa.gov,16,3,Data Collection|Third-Party Sharing,Other/Unclear,both,False,"Social Media Sites While USA.gov manages presence on social media sites (e.g., Facebook, Twitter, YouTube) in order to share government information and engage with the public, we do not collect any Personally Identifiable Information through those sites. We also do not use personal information made available by the user to these third-party sites.",negation_or_permission_flip,"Permission or denial wording changes the interpretation of Data Collection; missing=Data Collection, Third-Party Sharing; extra=Other/Unclear.",1.0
naive_bayes,26_nytimes.com,33,3,Other/Unclear|Third-Party Sharing,Data Collection|Third-Party Sharing,both,False,"These companies may place or recognize cookies, Web beacons or other technology to track certain non-personal information about our website users. For example, in the course of serving certain advertisements, an advertiser may place or recognize a unique cookie on your browser in order to collect certain information about your use of the NYT Services. For another example, an advertiser or ad server may also be able to collect your device's unique identifier in the course of serving an ad. In many cases, this information could be used to show you ads on other websites based on your interests.",cross_category_confusion,Predicted Data Collection in place of Other/Unclear; shared labels=Third-Party Sharing.,1.0
naive_bayes,1683_dailynews.com,30,3,Other/Unclear|User Control & Deletion,Other/Unclear,false_negative,False,"PARENTAL ACCESS MediaNews Group and MediaNews Group affiliates are the operators collecting information at this web site. Please send an email or letter to our Privacy Coordinator at the email or mailing address provided below if you would like to do any of the following: Access personally identifiable information that MediaNews has collected from your child, Correct factual errors in such information, Request to have this information deleted, or Request that we no longer collect or maintain such information about your child.",multi_label_under_prediction,Kept Other/Unclear but missed secondary label(s) User Control & Deletion.,1.0
naive_bayes,1618_sltrib.com,36,0,Data Collection|Data Retention|Data Security|Other/Unclear|Third-Party Sharing,Data Collection|Other/Unclear,false_negative,False,"USE OF PERSONAL INFORMATION FROM CHILDREN MediaNews occasionally offers contest and sweepstakes, which may be entered online. When a child under thirteen 13 enters a contest or sweepstakes, or participates in another activity that requires the use of personal information, we will ask for a parent's email address so that we can notify the parent of the child's participation, obtain the parent's consent and give the parent the option to have the child's information deleted. All of the child's personal information collected by MediaNews is securely maintained and used only for the specified purpose such as conducting the contest or sweepstakes and awarding prizes. MediaNews does not keep any of the child's personal information after the particular event is completed. Sometimes, MediaNews uses agents or contractors to provide services that support the internal operations of the site, such as helping us conduct a sweepstakes or sending prizes to winners. In these cases, MediaNews requires the agent or contractor to maintain the confidentiality, security and integrity of the information and limit use to the specific services they are performing on our behalf.",multi_label_under_prediction,"Kept Data Collection, Other/Unclear but missed secondary label(s) Data Retention, Data Security, Third-Party Sharing.",1.0
naive_bayes,1300_bankofamerica.com,25,2,Data Collection|Other/Unclear,Data Collection,false_negative,False,"Using cookies: Cookies are pieces of information stored directly on the device you are using. Cookies we use do not contain or capture unencrypted Personal Information. Cookies allow us to collect information such as browser type, time spent on the Site, pages visited, language preferences, and your relationship with us. We use the information for security purposes, to facilitate navigation, to display information more effectively, to personalize/tailor your experience while engaging with us, and to recognize your device to allow your use of our online products and services. We collect statistical information about the usage of the Site in order to continually improve the design and functionality, to monitor responses to our advertisements and content, to understand how account holders and visitors use the Site and to assist us with resolving questions regarding the Site. We also utilize cookies for advertising purposes. Please see the Advertising section below for more information.",multi_label_under_prediction,Kept Data Collection but missed secondary label(s) Other/Unclear.,1.0
naive_bayes,135_instagram.com,1,0,Other/Unclear|Policy Change,,false_negative,True,"Important Update In September 2012, we announced that Instagram had been acquired by Facebook. We knew that by teaming up with Facebook, we could build a better Instagram for you. Since then, we've been collaborating with Facebook's team on ways to do just that. As part of our new collaboration, we've learned that by being able to share insights and information with each other, we can build better experiences for our users.",near_threshold,"The decision is close to the 0.50 cutoff; missing=Other/Unclear, Policy Change; extra=none.",1.0
naive_bayes,1070_wnep.com,31,2,Policy Change,,false_negative,True,"Changes to this policy. Tribune Company reserves the right to change this policy at any time. Please check this page periodically for changes. Your continued use of the Services following the posting of changes to this policy will mean you accept those changes. If we make any material changes to this Privacy Policy, we will post the updated Privacy Policy here and notify you by email or by means of a notice on our website.",near_threshold,The decision is close to the 0.50 cutoff; missing=Policy Change; extra=none.,1.0
naive_bayes,883_ted.com,23,4,Policy Change,Other/Unclear,both,True,Changes to this privacy policy: This privacy policy may be amended from time to time. Any such changes will be posted on this page. We will notify you of any significant or material changes in the way we treat your information by placing a prominent notice on our site or sending a notice to the primary email address specified in your account.,cross_category_confusion,Predicted Other/Unclear in place of Policy Change; shared labels=none.,1.0
naive_bayes,1083_highgearmedia.com,24,1,Policy Change,,false_negative,True,"How will changes to this policy be communicated? We may update this Policy from time to time. If we make any material change to the way in which we treat your User Information, we will inform you of such change by posting an updated privacy policy at this location or through email notification, at our option. Any updated version of this privacy policy will be effective as soon as it is posted on our Sites.",near_threshold,The decision is close to the 0.50 cutoff; missing=Policy Change; extra=none.,1.0
naive_bayes,1713_latinpost.com,73,1,Policy Change|User Control & Deletion,Other/Unclear,both,True,"If the burden or expense of providing access to your Information is disproportionate to the risks to your privacy or if the legitimate rights of others would be violated, we may decide not to provide access to such Information. In such cases, we will provide to you an explanation of why access cannot be provided and contact information for further inquiries.",cross_category_confusion,"Predicted Other/Unclear in place of Policy Change, User Control & Deletion; shared labels=none.",1.0
naive_bayes,1498_ticketmaster.com,39,1,Policy Change,Other/Unclear,both,True,What we will do if there is an update to this policy. From time to time we may change our privacy practices. We will notify you of any material changes to this policy as required by law. We will also post an updated copy on our website. Please check our site periodically for updates.,cross_category_confusion,Predicted Other/Unclear in place of Policy Change; shared labels=none.,1.0
naive_bayes,414_washingtonian.com,18,1,Other/Unclear|Policy Change,Other/Unclear,false_negative,True,Changes to This Policy Washingtonian.com reserves the right to change this policy at any time. Please check this page periodically for changes. We will post a notice on this site if and when this policy changes to alert visitors that a new policy is in place. Your continued use of our website following the posting of changes to our privacy policy will mean that you accept such changes. Information collected prior to the time any change is posted will be used according to the policy and applicable laws in place at the time the information was collected.,near_threshold,The decision is close to the 0.50 cutoff; missing=Policy Change; extra=none.,1.0
naive_bayes,98_neworleansonline.com,4,4,Policy Change,Other/Unclear,both,False,"We may change our Privacy Policy, so please check this page from time to time, as your continued use of the Online Services after we publish our changes, indicates your acceptance of any changed terms. You can tell when the Privacy Policy was last updated by reviewing the ""Last Updated"" date at the top of the page.",cross_category_confusion,Predicted Other/Unclear in place of Policy Change; shared labels=none.,1.0
naive_bayes,1089_freep.com,2,0,Other/Unclear|Policy Change,Other/Unclear,false_negative,False,"Please read this Privacy Notice carefully. By visiting and using the Site, you agree that your use of our Site, and any dispute over our online privacy practices, is governed by this Privacy Notice and our Terms of Service. Because the Web is an evolving medium, we may need to change our Privacy Notice at some point in the future, in which case we'll post the revised Privacy Notice on this website and update the ""Last Updated"" date to reflect the date of the changes. By continuing to use the Site after we post any such changes, you accept the Privacy Notice as modified. Your access of the Site for the limited and exclusive purpose of reviewing this Privacy Notice does not constitute your acceptance of this Notice unless you make any further access or use of our Site.",multi_label_under_prediction,Kept Other/Unclear but missed secondary label(s) Policy Change.,1.0
naive_bayes,20_theatlantic.com,2,2,Other/Unclear|Policy Change,Other/Unclear,false_negative,False,"By visiting our Sites, you are accepting the practices described in our privacy policy, including our use of cookies and similar online tools. If you do not agree to the terms of this privacy policy, please do not use the Sites. We reserve the right to modify or amend the terms of our privacy policy from time to time without notice. Your continued use of our Sites following the posting of changes to these terms will mean you accept those changes. If we intend to apply the modifications or amendments to this privacy policy retroactively or to personally identifiable information already in our possession, we will provide you with notice of the modifications or amendments and seek your consent for such use. What Information Is Collected? How Do the Sites Use Cookies and Other Tracking Technologies? How Do We Use Your Information? Who Can See Your Information? What Are Your Choices? Other Important Information Governing Law & Notice to Non-U.S. Users Questions About this Policy; Access to Your Information",multi_label_under_prediction,Kept Other/Unclear but missed secondary label(s) Policy Change.,1.0
naive_bayes,186_abcnews.com,28,4,Policy Change,,false_negative,False,"9. Changes to this Privacy Policy From time to time, we may change this privacy policy to accommodate new technologies, industry practices, regulatory requirements or for other purposes. We will provide noticeto you if these changes are material and, where required by applicable law, we will obtain your consent.",content_ambiguity,Hedged or broad wording supports more than one reading; missing=Policy Change; extra=none.,1.0
naive_bayes,503_buffalowildwings.com,16,1,Policy Change,Other/Unclear,both,False,"Privacy Policy Changes We reserve the right to amend this Privacy Policy at any time. Any such amendments to this Policy may apply to information we collect in the future as well as any information we obtained from you prior to such amendment. We will post all changes to this Policy on the Sites, and we encourage all visitors and users of the Sites to check this policy from time to time.",cross_category_confusion,Predicted Other/Unclear in place of Policy Change; shared labels=none.,1.0
naive_bayes,676_restaurantnews.com,7,0,Policy Change,Other/Unclear,both,False,"Changes to this Privacy Statement The contents of this statement may be altered at any time, at our discretion.",cross_category_confusion,Predicted Other/Unclear in place of Policy Change; shared labels=none.,1.0
naive_bayes,1099_enthusiastnetwork.com,34,4,Policy Change|User Control & Deletion,Other/Unclear,both,False,"XIII. ACCEPTANCE OF THESE TERMS; CHANGES TO OUR PRIVACY POLICY By using any of our sites and providing us with your information, you agree to the terms of this Privacy Policy. If you do not agree to this Privacy Policy, you should not use or access any of our sites. Additionally, this Privacy Policy incorporates all of the terms, conditions, and provisions of the TEN Terms of Use, which are posted on our sites. If you do not agree with the TEN Terms of Use, you should not use or access any of our sites.",cross_category_confusion,"Predicted Other/Unclear in place of Policy Change, User Control & Deletion; shared labels=none.",1.0
naive_bayes,105_amazon.com,2,0,Data Collection|Data Security|Other/Unclear|Policy Change|Third-Party Sharing|User Control & Deletion,Other/Unclear,false_negative,False,"Amazon.com knows that you care how information about you is used and shared, and we appreciate your trust that we will do so carefully and sensibly. This notice describes our privacy policy. By visiting Amazon.com, you are accepting the practices described in this Privacy Notice. What Personal Information About Customers Does Amazon.com Gather? What About Cookies? Does Amazon.com Share the Information It Receives? How Secure Is Information About Me? What About Third-Party Advertisers and Links to Other Websites? Which Information Can I Access? What Choices Do I Have? Are Children Allowed to Use Amazon.com? Does Amazon.com Participate in the Safe Harbor Program? Conditions of Use, Notices, and Revisions Examples of Information Collected",multi_label_under_prediction,"Kept Other/Unclear but missed secondary label(s) Data Collection, Data Security, Policy Change, Third-Party Sharing, User Control & Deletion.",1.0
naive_bayes,1300_bankofamerica.com,38,2,Data Collection|Data Security|Other/Unclear,Other/Unclear|Third-Party Sharing,both,True,"Online Behavioral Advertising on third party sites and mobile apps Some of our tailored ads are online behavioral advertising, and may be served using data collected by third party providers. Ads served on our behalf by these companies do not contain unencrypted Personal Information and we limit the use of information by companies that serve our ads. To learn more about this practice and your choices in connection with it, see the section",cross_category_confusion,"Predicted Third-Party Sharing in place of Data Collection, Data Security; shared labels=Other/Unclear.",1.0
naive_bayes,531_archives.gov,13,2,Data Collection|Other/Unclear|Third-Party Sharing,Other/Unclear,false_negative,True,"Where possible, we embed the media in a way that minimizes the use of cookies. Third party hosts of the embedded media do not collect personally identifiable information (PII) on behalf of NARA. Any PII they collect on their own behalf is not shared with NARA.",negation_or_permission_flip,"Permission or denial wording changes the interpretation of Data Collection; missing=Data Collection, Third-Party Sharing; extra=none.",1.0
naive_bayes,1089_freep.com,7,0,Data Collection|Third-Party Sharing,Other/Unclear|Third-Party Sharing,both,True,"The information we collect may be collected directly by us, or it may be collected by a third-party website hosting provider, or another third-party service provider, on our behalf.",cross_category_confusion,Predicted Other/Unclear in place of Data Collection; shared labels=Third-Party Sharing.,1.0
naive_bayes,20_theatlantic.com,20,2,Third-Party Sharing,Data Collection|Third-Party Sharing,false_positive,True,"Use of Non-Personally Identifiable Information We may disclose or share individual, non-personally identifiable information and aggregate information in any manner other than that described herein that we deem appropriate or necessary. Among other things, we will disclose non-personally identifiable information to third parties to help us determine how people use parts of the Sites and who our users are so we can improve our Sites. We will also disclose non-personally identifiable information to our partners and other third parties about how our users collectively use the Sites.",near_threshold,The decision is close to the 0.50 cutoff; missing=none; extra=Data Collection.,1.0
naive_bayes,33_nbcuniversal.com,36,1,Third-Party Sharing,Other/Unclear,both,True,"For Mobile Apps: In addition, in relation to Mobile Apps we may share your usage and personal information with operating system, platforms providers, carriers and/or other mobile apps either operated by us or third parties. Please see our Mobile Apps section for additional detail.",cross_category_confusion,Predicted Other/Unclear in place of Third-Party Sharing; shared labels=none.,1.0
naive_bayes,135_instagram.com,18,0,Other/Unclear,Third-Party Sharing,both,True,Parties with whom we may share your information:,cross_category_confusion,Predicted Third-Party Sharing in place of Other/Unclear; shared labels=none.,1.0
naive_bayes,70_meredith.com,51,4,Other/Unclear|Third-Party Sharing,Third-Party Sharing,false_negative,True,"How We Disclose Information and Your Related Opt-out Choices: Except as otherwise expressly noted herein or within the Services, we may share any information collected through our Services, including without limitation, your name, postal address (and any other information we combine with that information) with our Meredith-affiliated companies, our provider partners and service providers, and with carefully selected third-party organizations and marketers of products and services potentially of interest to you. The following describes some of the circumstances in which we may share information about our users:",near_threshold,The decision is close to the 0.50 cutoff; missing=Other/Unclear; extra=none.,1.0
naive_bayes,1694_lids.com,23,2,Data Security|Third-Party Sharing,Data Security,false_negative,False,"We work to protect the security of your information during transmission by using Thawte Certified Secure Sockets Layer (SSL) software, which encrypts information you input. We reveal only the last four digits of your credit card numbers when confirming an order. Of course, we transmit the entire credit card number to the appropriate credit card company during order processing.",multi_label_under_prediction,Kept Data Security but missed secondary label(s) Third-Party Sharing.,1.0
naive_bayes,58_esquire.com,32,0,Data Collection|Other/Unclear|Third-Party Sharing,Other/Unclear,false_negative,False,"c. Third Party Partners. Some of our Covered Sites may from time to time partner with a retailer or other third party to offer online shopping opportunities, games, services, subscriptions and other applications on a co-branded or cross-promotional basis. Those transactions may take place on a Covered Site, or the site of the third party. In either case, Personally Identifiable Information you provide in connection with the transaction may be collected directly by, or shared by Hearst with, the third party, as well as with any participating sponsors or advertisers of such opportunities and features. Some of our Covered Sites may offer you the ability to access a third-party site with whom we have a relationship to access both sites through a co-branded registration or password; in that event, your applicable registration information may be collected directly by, or shared by Hearst with,the third-party partner. We will notify you at the applicable point of sign up if any such co-branded registration or password practices will be in effect. These third parties will use your information in accordance with their own privacy policy.",multi_label_under_prediction,"Kept Other/Unclear but missed secondary label(s) Data Collection, Third-Party Sharing.",1.0
naive_bayes,98_neworleansonline.com,35,4,Other/Unclear|Third-Party Sharing,Other/Unclear,false_negative,False,"Social Networking and Third Party Sites When you link to our Online Services through any social networking or third party websites, applications or services (""Third Party Services""), please remember that you are also bound by the privacy policies of such Third Party Services, and NOTMC does not control and therefore is not responsible for the privacy practices of such Third Party Services. You should consult the privacy policies of such Third Party Services to understand their information practices.",multi_label_under_prediction,Kept Other/Unclear but missed secondary label(s) Third-Party Sharing.,1.0
naive_bayes,652_randomhouse.com,21,2,Other/Unclear|Third-Party Sharing,Other/Unclear,false_negative,False,"Authors Whose Websites We Manage We manage certain author Sites on behalf of our authors. In those cases, we may transfer personal information collected from the Sites to the authors if they take over management of the Sites (in which case, such sites are no longer controlled by us). Under such circumstances we will use reasonable efforts to direct the author to use personal information you have provided to us in a manner that is consistent with our Privacy Policy. Nevertheless, we cannot ensure that the author will have the same privacy practices as described in this Privacy Policy and such author site will not be subject to the terms of this Privacy Policy.",multi_label_under_prediction,Kept Other/Unclear but missed secondary label(s) Third-Party Sharing.,1.0
naive_bayes,1300_bankofamerica.com,4,2,Data Collection|Other/Unclear|Third-Party Sharing,Other/Unclear,false_negative,False,"For U.S. account holders and visitors to this Site, we will use and share any information that we collect from or about you in accordance with the Bank of America U.S. Consumer Privacy Notice, which provides choices in the use and sharing of information. For Non-U.S. account holders utilizing this Site, we will use and share your account information in accordance with the privacy disclosure that covers your account and with the privacy and security rules applicable to the Bank of America affiliate or subsidiary that provides that account to you.",multi_label_under_prediction,"Kept Other/Unclear but missed secondary label(s) Data Collection, Third-Party Sharing.",1.0
naive_bayes,186_abcnews.com,17,4,Other/Unclear|Third-Party Sharing,Third-Party Sharing,false_negative,False,"Please note that once we share your personal information with another company, the information received by the other company becomes subject to the other companys privacy practices. When we cooperate with financial institutions to offer co-branded products or services to you, such as our co-branded Disney Rewards Visa Card; however, we will do so only if permitted by applicable law and, in these cases, the financial institutions are prohibited from using your personal information for purposes other than those related to the co-branded products or services When companies perform services on our behalf, like package delivery and customer service; however, these companies are prohibited from using your personal information for purposes other than those requested by us or required by law When we share personal information with third parties in connection with the sale of a business, to enforce our Terms of Use or rules, to ensure the safety and security of our guests and third parties, to protect our rights and property and the rights and property of our guests and third parties, to comply with legal process or in other cases if we believe in good faith that disclosure is required by law",multi_label_under_prediction,Kept Third-Party Sharing but missed secondary label(s) Other/Unclear.,1.0
naive_bayes,640_gamestop.com,8,3,Data Collection|Third-Party Sharing,Data Collection,false_negative,False,We run contests in which we ask visitors for contact information (such as their email address). We use this information to contact the winners. We may also use or share contest information with our business and marketing partners to offer you products or services that we believe may be of interest to you.,multi_label_under_prediction,Kept Data Collection but missed secondary label(s) Third-Party Sharing.,1.0
naive_bayes,70_meredith.com,48,4,Data Collection|Third-Party Sharing,Other/Unclear,both,False,Understand whether our users read email messages and click on links contained within those messages;,cross_category_confusion,"Predicted Other/Unclear in place of Data Collection, Third-Party Sharing; shared labels=none.",1.0
naive_bayes,760_si.edu,9,2,Other/Unclear|User Control & Deletion,,false_negative,True,"There may be sites within the Smithsonian's network of Websites where you can opt-in to receive information from non-Smithsonian entities. If you opt-in, you may receive correspondence from these organizations on programs, products or services that might interest you. If you decide to opt-out of receiving any further correspondence from a non-Smithsonian entity, please correspond directly with that business or organization to be removed from its mailing list.",negation_or_permission_flip,"Permission or denial wording changes the interpretation of User Control & Deletion; missing=Other/Unclear, User Control & Deletion; extra=none.",1.0
naive_bayes,517_kaleidahealth.org,10,2,Data Collection|Third-Party Sharing|User Control & Deletion,,false_negative,True,"Other uses and disclosures of your health information not described in this Notice will be made only with your written authorization. For example, we will not sell your health information or market a party's services or products to you if we are paid by that party to do so, without your written authorization.",negation_or_permission_flip,"Permission or denial wording changes the interpretation of Third-Party Sharing; missing=Data Collection, Third-Party Sharing, User Control & Deletion; extra=none.",1.0
naive_bayes,1673_tulsaworld.com,40,1,Other/Unclear|User Control & Deletion,,false_negative,True,"You may accept certain kinds of contact and decline others. For example, you may choose to accept e-mails, but not postal mail or telephone calls.",negation_or_permission_flip,"Permission or denial wording changes the interpretation of User Control & Deletion; missing=Other/Unclear, User Control & Deletion; extra=none.",1.0
naive_bayes,1419_miaminewtimes.com,23,1,Data Collection|Other/Unclear|Third-Party Sharing|User Control & Deletion,,false_negative,True,"If you chose to provide your personally identifiable information for the purposes of a third-party contest, promotion, poll, survey or newsletter, your personally identifiable information will be given to Miami New Times and to the third-party advertiser/sponsor involved with the relevant contest, promotion, poll, survey or newsletter and/or its agents and affiliates. For rules or requirements for contests, promotions, polls, surveys and/or newsletters, please see the applicable page on our Site.",near_threshold,"The decision is close to the 0.50 cutoff; missing=Data Collection, Other/Unclear, Third-Party Sharing, User Control & Deletion; extra=none.",1.0
naive_bayes,1694_lids.com,31,2,User Control & Deletion,Other/Unclear,both,True,"To change your mind, simply contact our Privacy Officer or sign up again when you visit the Sites or our stores.",cross_category_confusion,Predicted Other/Unclear in place of User Control & Deletion; shared labels=none.,1.0
naive_bayes,1419_miaminewtimes.com,33,1,User Control & Deletion,Other/Unclear,both,True,"If your personally identifiable information changes, you may correct and/or update it by sending us an email. You may also view, correct and/or update your personally identifiable information by accessing your profile on the Site.",negation_or_permission_flip,Permission or denial wording changes the interpretation of User Control & Deletion; missing=User Control & Deletion; extra=Other/Unclear.,1.0
naive_bayes,26_nytimes.com,51,3,Other/Unclear|User Control & Deletion,User Control & Deletion,false_negative,True,"Email Newsletters. The New York Times offers several email newsletters. If you no longer wish to receive a specific newsletter, follow the ""unsubscribe"" instructions located near the bottom of each newsletter. To manage your newsletter preferences, please click here.",near_threshold,The decision is close to the 0.50 cutoff; missing=Other/Unclear; extra=none.,1.0
naive_bayes,320_timeinc.com,27,3,Other/Unclear|User Control & Deletion,Other/Unclear,false_negative,False,"For more information on advertisements and your behavioral advertising options, visit our About Ads page and our Network Advertising Initiatives page.",multi_label_under_prediction,Kept Other/Unclear but missed secondary label(s) User Control & Deletion.,1.0
naive_bayes,1703_sports-reference.com,19,3,Other/Unclear|User Control & Deletion,Other/Unclear,false_negative,False,"8. Access to and Ability to Correct Personal Data Upon a visitor's request via postal mail, e-mail, or facsimile, SRL will provide to the visitor a summary of any personally identifiable information retained by SRL regarding the visitor, which information has been voluntarily provided to SRL through an account registration, customer order, or electronic news or information subscription. A visitor may modify, correct, change or update their personally identifiable information by contacting SRL via postal mail, e-mail, facsimile, or telephone as provided in Paragraph 3 of this Privacy Statement.",multi_label_under_prediction,Kept Other/Unclear but missed secondary label(s) User Control & Deletion.,1.0
naive_bayes,1610_post-gazette.com,7,1,Data Collection|Other/Unclear|User Control & Deletion,Data Collection,false_negative,False,"If you are an entity (such as a corporation, partnership or limited liability company) or an educational institution and you authorize your employees to access those portions of the Site that require a registration, one digital subscription will entitle each of your authorized employees to access those portions of the Site without the need for each employee to register individually, provided that such employees access such portions of the Site from a computer or other device with your institutional IP addresses for such devices that you have provided to us at the time of your registration. While these employees will not need to register to access such portions of the Site if they do so on devices with the provided IP addresses, we may gather usage data and track IP addresses from such users without their individual consent.",multi_label_under_prediction,"Kept Data Collection but missed secondary label(s) Other/Unclear, User Control & Deletion.",1.0
naive_bayes,1089_freep.com,26,0,Other/Unclear|User Control & Deletion,Other/Unclear,false_negative,False,"The use and collection of information by third-party advertising service providers are governed by the relevant third party's Privacy Notice and are not covered by our Privacy Notice. If you would like more information about the information collection practices of a particular service provider, or if you would like more information on how to opt out of a service provider's information collection practices, go to www.aboutads.info. You can opt out of the use of cookies by DoubleClick, one of our service providers, by visiting http://www.google.com/intl/en/policies/privacy. Additionally, many of our advertising service providers are members of the Network Advertising Initiative (""NAI""). You can obtain more information about these advertising service providers' information collection practices, and opt out of such practices (and at the same time opt out of the collection practices of other, or all, NAI members) by following the opt out instructions on the NAI's website at http://www.networkadvertising.org/managing/opt_out.asp.If you would like more information on how to opt out of information collection practices, go to www.aboutads.info.",negation_or_permission_flip,Permission or denial wording changes the interpretation of User Control & Deletion; missing=User Control & Deletion; extra=none.,1.0
naive_bayes,962_lynda.com,36,3,Other/Unclear|User Control & Deletion,Other/Unclear,false_negative,False,5. UPDATING OR CORRECTING YOUR PERSONALLY IDENTIFYING INFORMATION You may change any of your or your childs Personally Identifiable Information online by logging into My Account in accordance with instructions posted elsewhere on our Websites.,multi_label_under_prediction,Kept Other/Unclear but missed secondary label(s) User Control & Deletion.,1.0
naive_bayes,1164_acbj.com,1,1,Other/Unclear|Policy Change|User Control & Deletion,Other/Unclear,false_negative,False,"Last Revised: December 23, 2013 To jump to our Privacy Policy, click here To opt-out of Third Party Tracking Technologies, click here To opt-out of Third Party Sharing, click here If you have a complaint about another user, click here Kids and parents click here",negation_or_permission_flip,"Permission or denial wording changes the interpretation of User Control & Deletion; missing=Policy Change, User Control & Deletion; extra=none.",1.0
naive_bayes,1206_dcccd.edu,12,4,User Control & Deletion,Other/Unclear,both,False,How to update/correct your student record Currently enrolled (or recently enrolled students) credit students can correct their Student Information Profile and email address online through eConnect.,cross_category_confusion,Predicted Other/Unclear in place of User Control & Deletion; shared labels=none.,1.0
naive_bayes,228_gawker.com,14,3,Other/Unclear|User Control & Deletion,Other/Unclear,false_negative,False,"Opt-out As part of our commitment to transparency and your privacy, we provide the following links to opt-out of cookies provided by both our first party ad server and many third party advertising partners who may be engaging in online behavioral advertising:",negation_or_permission_flip,Permission or denial wording changes the interpretation of User Control & Deletion; missing=User Control & Deletion; extra=none.,1.0
