stars,priority_band,priority_subtype,dominant_category,attention_tier,confidence,review_required,primary_review_reason,review_severity,review_types,review_reasons,gold_labels,predicted,reason,text,prediction_source
5,Very important,identified_medium,User Control & Deletion,Medium,0.869155382984711,True,high_attention_near_miss,high,high_attention_near_miss,High-attention practice(s) just below threshold: Third-Party Sharing,Data Collection; Third-Party Sharing,Data Collection (0.71); User Control & Deletion (0.87),User Control & Deletion sets the base to 3 stars (Medium tier); high confidence 0.87 (+1); combination bonus for 2 confident high/medium practices (+1). Flagged for review: high-attention practice(s) just below threshold: third-party sharing.,"Honda Automobiles Request A Quote. When you select and build your choice in a vehicle, we will present you with a complete list of your choices, as well as the vehicle's suggested retail price. We can also forward your quote to a local Honda dealer for further contact. If you choose to utilize this ",train_oof
5,Very important,identified_medium,Data Collection,Medium,0.7364387810710288,False,,,,,Data Collection,Data Collection (0.74); Other/Unclear (0.54); User Control & Deletion (0.56),Data Collection sets the base to 3 stars (Medium tier); high confidence 0.74 (+1); combination bonus for 2 confident high/medium practices (+1).,"Use of Cookies Sci-News.com uses cookie technology. A cookie is a small amount of data, which often includes a unique identifier that is sent to your computer or mobile phone browser from a websites computer and is stored on your devices hard drive. A website can send its own cookie to your browser ",train_oof
5,Very important,identified_high,Third-Party Sharing,High,0.6849685403025223,False,,,,,Policy Change; Third-Party Sharing,Other/Unclear (0.51); Third-Party Sharing (0.68); User Control & Deletion (0.61),Third-Party Sharing sets the base to 4 stars (High tier); moderate confidence 0.68 (no change); combination bonus for 2 confident high/medium practices (+1).,"Disclosure of Your Information Sci-News.com does not sell, trade or rent your personal information to third parties. If we choose to do so in the future, you will be notified by email of our intentions, and have the right to be removed prior to the disclosure.",train_oof
4,Important,unknown_identified,Other/Unclear,Unknown,0.7828859088615219,True,content_unclear,medium,content_unclear,The segment's dominant prediction is Other/Unclear,Other/Unclear; Policy Change,Other/Unclear (0.78); Policy Change (0.69),Other/Unclear sets the base to 3 stars (Unknown tier); high confidence 0.78 (+1). Flagged for review: the segment's dominant prediction is other/unclear.,"Privacy Policy Sci-News.com is committed to protecting and respecting your privacy. To better inform you of our policy concerning user privacy, we have adopted the following terms. Please note that these terms are subject to change, and any such changes will be included on this page.",train_oof
4,Important,identified_medium,Data Collection,Medium,0.8663975586110152,False,,,,,Data Collection,Data Collection (0.87),Data Collection sets the base to 3 stars (Medium tier); high confidence 0.87 (+1).,"Information that Sci-News.com May Collect Online Sci-News.com may collect and process the following data about you: - information that you provide by filling in forms on our site, including names, e-mail and website addresses; we may also ask you for information for other purposes, for example when ",train_oof
4,Important,unknown_identified,Other/Unclear,Unknown,0.9432304258958064,True,content_unclear,medium,content_unclear,The segment's dominant prediction is Other/Unclear,Other/Unclear,Other/Unclear (0.94),Other/Unclear sets the base to 3 stars (Unknown tier); high confidence 0.94 (+1). Flagged for review: the segment's dominant prediction is other/unclear.,Sci-News.com does not knowingly collect or solicit personal information from anyone under the age of 13. We assume that minors 13 years of age or older have received permission from their parents or guardians before using this website. Parents or guardians may contact us at privacy@sci-news.com with,train_oof
3,Review,unknown_identified,Other/Unclear,Unknown,0.5317889969241701,True,content_unclear,medium,content_unclear,The segment's dominant prediction is Other/Unclear,Data Collection; Data Retention,Other/Unclear (0.53),Other/Unclear sets the base to 3 stars (Unknown tier); moderate confidence 0.53 (no change). Flagged for review: the segment's dominant prediction is other/unclear.,"- if you contact us, we may keep a record of that correspondence;",train_oof
3,Review,identified_medium,Data Collection,Medium,0.6121375020964986,False,,,,,Data Collection,Data Collection (0.61),Data Collection sets the base to 3 stars (Medium tier); moderate confidence 0.61 (no change).,"- details of your visits to our site including, but not limited to, traffic data, location data, weblogs and other communication data.",train_oof
3,Review,unknown_identified,Other/Unclear,Unknown,0.6171273487565292,True,content_unclear,medium,content_unclear,The segment's dominant prediction is Other/Unclear,Data Collection; Other/Unclear,Other/Unclear (0.62),Other/Unclear sets the base to 3 stars (Unknown tier); moderate confidence 0.62 (no change). Flagged for review: the segment's dominant prediction is other/unclear.,"During the course of any visit to the Sci-News.com website, the pages you see, along with a cookie, are downloaded to your device. A website does this because cookies enable a publisher to find out whether the device has visited the website before. This is done on a repeat visit by checking to see, ",train_oof
